id,src_x,src_y,ref_x,ref_y,subpixel_delta_px
0,9.924,132.960,4.950,396.783,0.000
1,10.121,92.197,5.267,356.088,0.000
2,10.968,638.005,6.254,897.518,0.000
3,11.433,697.638,6.592,957.089,0.000
4,12.565,742.019,7.902,1002.540,0.000
5,12.875,123.120,8.216,386.943,0.000
6,13.040,408.980,8.565,672.633,0.000
7,13.122,446.342,8.654,710.611,0.000
8,13.319,379.864,8.591,640.628,0.000
9,13.353,433.158,8.711,697.156,0.000
10,14.723,613.777,10.512,873.780,0.000
11,14.723,613.777,10.512,873.780,0.000
12,15.464,631.592,10.959,891.346,0.000
13,15.464,631.592,10.959,891.346,0.000
14,16.057,975.036,11.715,1238.740,0.000
15,16.098,423.996,11.837,687.961,0.000
16,16.098,423.996,11.837,687.961,0.000
17,16.187,738.847,11.739,999.659,0.000
18,16.327,754.546,12.204,1014.818,0.000
19,16.614,86.354,12.522,350.177,0.000
20,16.614,86.354,12.522,350.177,0.000
21,16.859,218.437,12.777,482.568,0.000
22,16.949,147.510,12.704,411.489,0.000
23,17.261,183.523,13.161,448.277,0.000
24,17.397,435.683,13.542,699.745,0.000
25,17.614,718.510,13.613,981.081,0.000
26,17.928,728.256,13.779,989.374,0.000
27,18.168,388.579,14.204,650.516,0.000
28,18.222,136.488,14.445,400.851,0.000
29,18.502,751.752,15.420,1013.265,1.279
30,18.779,682.891,14.953,942.246,0.138
31,18.850,421.302,15.075,684.973,0.152
32,19.018,618.910,15.128,878.983,0.039
33,19.597,764.352,16.176,1024.271,0.331
34,19.739,179.142,15.955,443.902,0.220
35,19.742,81.567,16.168,345.336,0.313
36,19.981,384.543,15.814,646.456,0.734
37,20.098,463.117,16.442,726.020,0.554
38,20.147,863.669,17.162,1128.788,1.882
39,20.623,961.096,17.067,1225.452,0.186
40,20.680,839.776,17.133,1100.843,0.814
41,20.680,839.776,17.133,1100.843,0.814
42,20.718,441.130,17.981,704.707,1.151
43,20.751,757.941,17.776,1018.397,0.791
44,20.853,320.601,17.451,581.370,0.281
45,20.940,112.455,17.415,375.646,0.281
46,20.981,477.060,17.668,739.035,0.382
47,21.335,870.888,17.604,1136.187,0.800
48,21.410,267.619,17.529,528.973,0.173
49,21.767,829.485,19.004,1089.412,0.592
50,22.070,90.451,17.877,353.296,1.025
51,22.134,143.404,17.981,407.024,1.192
52,22.137,52.605,18.614,317.208,0.076
53,22.154,11.586,18.330,274.460,0.000
54,22.278,118.625,18.724,382.996,0.269
55,22.805,749.098,19.537,1010.345,0.852
56,22.826,207.502,20.083,471.817,0.658
57,23.360,742.982,19.874,1004.201,0.174
58,23.875,425.321,20.401,688.754,0.260
59,24.095,87.460,20.702,350.864,0.672
60,24.218,884.431,20.478,1149.093,0.088
61,24.218,884.431,20.478,1149.093,0.088
62,24.492,465.500,21.057,727.851,0.865
63,24.547,671.441,21.981,929.582,1.147
64,24.649,395.071,22.267,658.156,1.006
65,24.856,81.105,21.980,344.540,0.324
66,24.903,868.951,21.713,1134.048,0.649
67,25.330,400.625,22.094,664.318,0.166
68,25.378,320.180,21.319,581.042,1.125
69,25.527,70.153,23.278,333.869,0.951
70,25.574,977.624,23.112,1242.329,1.379
71,25.696,76.341,22.586,339.792,0.129
72,26.044,381.532,22.694,643.880,0.731
73,26.465,22.026,23.356,286.051,0.118
74,26.632,210.571,23.600,474.600,0.056
75,26.778,577.942,24.355,837.223,0.525
76,26.778,577.942,24.355,837.223,0.525
77,26.924,634.138,24.839,893.728,0.799
78,27.015,883.401,24.010,1148.165,0.115
79,27.015,883.401,24.010,1148.165,0.115
80,27.122,84.826,24.198,348.640,0.288
81,27.147,64.358,23.584,328.269,0.947
82,27.147,64.358,23.584,328.269,0.947
83,27.253,848.214,24.031,1110.309,0.468
84,27.656,303.155,24.820,562.549,0.106
85,27.707,451.819,25.088,716.085,0.082
86,27.733,688.415,24.888,948.089,0.092
87,28.255,378.628,24.586,639.979,0.955
88,28.255,378.628,24.586,639.979,0.955
89,28.652,379.021,25.992,640.317,0.121
90,28.890,640.536,26.874,901.102,1.370
91,28.981,118.617,26.319,383.408,0.967
92,29.022,987.725,26.475,1252.297,1.231
93,29.201,408.054,25.739,671.350,0.830
94,29.322,198.195,26.494,462.047,0.314
95,29.394,646.777,25.809,906.399,1.000
96,29.720,144.981,27.529,409.618,0.392
97,29.880,653.265,27.234,912.552,0.122
98,30.133,539.921,27.637,800.578,0.202
99,30.484,37.959,27.209,302.275,0.770
100,30.645,418.068,28.533,680.735,0.346
101,30.771,103.971,28.321,367.381,0.252
102,30.906,735.861,28.653,997.131,0.256
103,31.411,452.310,27.982,716.352,0.785
104,32.014,534.078,28.747,794.319,0.832
105,32.885,681.369,30.411,941.278,0.667
106,33.071,675.199,31.217,935.477,1.562
107,33.660,459.657,32.186,723.685,0.746
108,33.769,134.441,32.530,398.736,1.141
109,34.514,158.726,33.003,424.071,1.230
110,34.655,525.053,32.629,784.105,0.424
111,34.694,132.225,33.021,396.947,0.716
112,34.749,400.137,32.612,663.592,0.172
113,34.989,451.695,32.858,715.699,0.132
114,34.989,451.695,32.858,715.699,0.132
115,35.009,641.708,32.825,901.655,0.085
116,35.370,518.356,33.248,777.049,0.697
117,35.458,750.005,33.423,1011.170,0.092
118,35.983,93.680,34.109,358.191,0.953
119,36.089,139.302,34.096,403.459,0.247
120,36.351,769.690,34.395,1029.474,0.120
121,36.352,476.461,34.383,738.433,1.069
122,36.971,65.004,35.308,328.438,0.199
123,37.044,152.226,35.396,416.377,0.266
124,37.222,179.806,35.281,444.567,0.197
125,37.263,659.017,35.423,919.530,0.084
126,37.277,857.254,35.512,1121.054,0.678
127,37.744,543.509,36.109,804.732,0.695
128,37.747,403.185,36.483,665.713,1.022
129,38.280,159.223,36.382,423.319,0.833
130,38.684,759.637,37.743,1021.048,1.002
131,39.062,425.300,37.434,688.129,0.891
132,39.113,648.199,36.876,908.119,1.336
133,39.659,260.033,38.840,520.199,0.776
134,40.005,903.630,38.523,1168.551,0.078
135,40.133,879.339,38.697,1144.331,0.285
136,40.305,835.445,38.079,1096.790,1.526
137,40.627,88.886,39.793,352.619,0.535
138,40.641,406.991,39.748,670.632,0.917
139,40.646,266.010,40.277,526.129,0.811
140,40.650,539.488,39.747,799.648,0.614
141,40.839,139.000,40.059,404.333,1.157
142,40.844,134.421,40.117,398.984,0.819
143,40.887,147.105,39.141,411.370,0.483
144,41.060,673.430,40.346,934.465,0.904
145,41.262,742.309,39.051,1003.408,0.768
146,41.757,232.273,41.262,494.258,0.815
147,42.098,450.469,40.987,713.755,1.188
148,42.115,414.578,40.687,677.985,0.249
149,42.541,634.489,42.118,895.447,0.998
150,43.094,394.971,41.978,657.449,0.192
151,43.638,834.723,43.178,1097.795,1.191
152,43.812,913.297,42.546,1178.298,0.209
153,43.843,433.897,42.936,698.054,0.027
154,43.912,447.177,42.601,711.273,0.142
155,44.035,558.493,43.211,819.352,0.109
156,44.142,71.495,43.076,335.377,0.764
157,44.305,974.183,42.273,1238.563,0.632
158,44.368,375.598,43.919,637.123,0.512
159,44.734,524.592,43.766,784.941,0.773
160,44.861,555.035,43.940,815.960,0.089
161,45.333,479.168,44.415,741.882,0.152
162,45.457,542.035,43.679,802.864,0.973
163,45.547,134.550,44.648,400.256,0.911
164,46.651,106.646,46.128,370.629,0.268
165,46.667,19.071,45.960,282.857,0.762
166,46.969,160.964,46.528,425.031,0.662
167,47.061,179.219,46.686,443.700,0.311
168,47.230,291.906,46.273,551.218,0.211
169,47.230,291.906,46.273,551.218,0.211
170,47.233,460.306,45.700,723.565,1.324
171,47.280,427.195,46.284,690.163,0.847
172,47.655,129.865,47.076,394.638,0.140
173,47.997,153.047,47.807,417.193,0.479
174,48.359,230.182,46.884,491.745,0.987
175,48.410,734.663,47.180,995.942,0.506
176,48.770,448.806,48.283,712.993,0.206
177,49.106,657.891,48.821,919.764,0.642
178,49.316,637.427,47.963,898.413,1.198
179,49.373,274.622,48.523,535.692,0.549
180,49.587,455.893,49.559,720.038,0.603
181,49.616,674.885,49.060,935.560,0.217
182,49.618,89.890,49.557,353.677,0.626
183,49.817,576.946,48.702,837.290,0.845
184,49.900,634.197,48.604,894.784,1.216
185,50.008,580.287,48.662,839.633,1.336
186,50.130,722.580,49.052,984.084,1.154
187,50.301,873.997,49.068,1139.400,0.840
188,50.673,561.160,51.201,820.818,1.150
189,50.784,941.774,51.145,1206.908,0.284
190,50.919,269.180,50.280,528.762,0.892
191,51.499,13.790,51.396,278.011,0.000
192,51.647,491.211,51.718,751.226,0.952
193,52.036,389.969,51.805,652.301,0.027
194,52.146,987.991,52.009,1252.185,0.157
195,52.485,454.668,52.135,718.929,0.106
196,52.569,500.524,52.797,760.275,0.518
197,52.804,17.795,52.998,282.685,0.284
198,52.869,185.157,52.964,448.791,0.230
199,53.043,128.198,53.096,392.363,0.139
200,53.076,716.145,53.007,976.462,0.333
201,53.239,108.610,53.127,372.607,0.097
202,53.411,818.939,53.558,1078.702,0.255
203,53.816,592.509,53.626,853.377,0.337
204,54.296,634.779,53.573,896.570,0.938
205,54.310,862.951,54.101,1128.507,1.032
206,54.347,844.163,54.181,1108.459,0.278
207,55.069,438.238,55.555,701.924,0.242
208,55.069,438.238,55.555,701.924,0.242
209,55.529,534.999,56.492,794.251,0.618
210,55.984,189.409,56.494,452.692,0.283
211,56.128,623.321,55.597,883.722,1.429
212,56.270,455.837,55.947,719.586,0.841
213,56.585,417.869,56.848,680.703,0.063
214,56.611,815.367,58.000,1074.952,0.824
215,56.669,122.926,57.290,387.214,0.263
216,57.050,909.384,58.258,1175.064,1.268
217,57.172,458.934,57.638,722.777,0.221
218,57.247,630.165,56.867,891.866,0.635
219,57.437,131.572,57.205,396.560,1.262
220,57.463,106.052,57.220,369.837,0.707
221,57.898,641.063,58.560,902.462,0.353
222,57.912,236.869,58.098,498.019,0.430
223,57.954,875.787,58.818,1141.206,0.424
224,57.954,875.787,58.818,1141.206,0.424
225,58.002,745.116,58.861,1006.216,0.378
226,58.087,564.069,58.294,823.871,0.347
227,58.118,247.468,58.278,508.521,0.359
228,58.121,113.930,58.560,377.606,0.226
229,58.259,289.917,58.692,549.964,0.240
230,58.542,691.472,59.179,953.042,0.810
231,59.169,427.659,59.795,691.494,0.980
232,59.361,65.174,59.926,329.328,0.147
233,59.544,500.145,61.193,759.990,0.944
234,59.671,391.945,60.524,653.639,0.909
235,59.954,749.641,60.377,1011.171,0.856
236,59.987,301.101,60.553,560.811,0.401
237,60.283,25.470,60.876,289.413,0.341
238,60.906,730.034,61.947,991.471,0.074
239,61.103,970.025,62.271,1234.893,0.092
240,61.159,566.740,62.038,826.855,0.085
241,61.354,738.997,62.057,999.479,1.070
242,61.975,510.660,63.055,770.965,0.594
243,62.192,569.909,63.185,830.028,0.052
244,62.384,747.284,62.665,1008.239,1.036
245,62.868,954.216,64.083,1218.812,0.213
246,63.207,587.150,64.129,847.352,0.227
247,63.617,494.293,64.784,753.427,0.434
248,63.945,402.529,65.466,666.655,0.452
249,64.343,46.401,65.459,310.311,0.027
250,64.412,170.080,64.648,433.000,0.966
251,64.735,187.883,66.133,450.695,0.839
252,64.895,95.919,66.428,359.340,0.239
253,65.113,118.851,66.464,383.176,1.060
254,65.169,39.884,65.709,303.872,0.920
255,65.550,293.895,67.430,553.609,0.766
256,66.349,400.813,67.270,663.985,0.757
257,66.694,308.304,68.539,566.397,0.928
258,66.934,654.696,69.301,916.862,0.863
259,67.000,646.421,68.406,907.713,0.851
260,67.064,377.107,68.498,636.604,0.114
261,67.280,749.940,69.310,1011.418,0.557
262,67.417,159.428,68.333,421.653,0.541
263,67.607,75.248,69.511,339.197,0.437
264,67.607,75.248,69.511,339.197,0.437
265,67.699,561.842,70.263,822.765,1.286
266,67.699,561.842,70.263,822.765,1.286
267,67.700,429.521,69.463,694.352,1.013
268,67.700,429.521,69.463,694.352,1.013
269,67.727,425.521,69.732,689.530,0.309
270,68.096,634.039,69.877,895.935,0.187
271,68.936,614.867,70.682,876.132,0.804
272,69.212,455.039,71.106,716.364,1.515
273,69.254,570.245,70.970,830.227,0.434
274,69.391,387.637,71.045,648.368,0.322
275,69.543,727.976,72.128,989.464,0.917
276,69.924,659.570,71.664,921.728,0.147
277,70.118,174.318,71.960,436.580,0.212
278,70.118,174.318,71.960,436.580,0.212
279,70.155,463.320,71.995,724.018,0.956
280,70.849,655.006,72.687,917.064,0.228
281,70.876,144.720,73.056,407.174,1.430
282,70.961,438.495,72.778,701.624,1.183
283,71.601,43.381,73.900,307.567,0.622
284,71.651,485.930,74.473,744.077,1.309
285,71.965,794.123,74.254,1053.536,0.264
286,72.009,187.375,73.869,450.215,0.687
287,72.068,619.455,74.944,880.491,0.838
288,72.521,893.615,74.641,1159.083,0.000
289,72.627,631.530,74.906,893.518,0.000
290,72.918,533.128,74.931,792.525,0.000
291,73.201,81.652,75.017,345.543,0.000
292,73.340,596.930,75.464,857.132,0.000
293,73.375,293.064,75.562,552.121,0.000
294,73.375,293.064,75.562,552.121,0.000
295,73.479,627.335,75.791,889.351,0.000
296,73.750,19.631,75.879,282.773,0.000
297,73.763,93.429,75.923,357.316,0.000
298,73.903,614.961,76.366,875.821,0.000
299,73.989,986.654,76.262,1251.199,0.000
300,74.257,954.999,76.462,1220.286,0.000
301,74.281,392.682,76.701,653.451,0.000
302,74.350,384.039,76.854,643.819,0.000
303,74.527,87.225,76.897,351.203,0.000
304,74.614,949.873,76.911,1215.148,0.000
305,74.959,304.162,77.683,562.764,0.000
306,75.023,417.828,77.414,680.848,0.000
307,75.134,428.306,77.871,691.438,0.000
308,75.494,793.392,77.926,1053.228,0.000
309,75.922,514.964,78.419,774.344,0.000
310,76.615,181.029,79.247,444.271,0.000
311,76.730,841.734,79.369,1105.518,0.000
312,77.240,963.592,79.994,1228.810,0.000
313,77.417,175.544,79.799,438.396,0.000
314,78.077,170.867,80.956,434.026,0.000
315,78.695,141.289,81.060,404.549,0.000
316,78.773,379.695,81.285,638.540,0.000
317,78.784,984.469,81.737,1249.009,0.000
318,78.791,221.898,81.488,482.367,0.000
319,78.831,576.376,81.689,837.942,0.000
320,78.884,516.630,81.802,775.875,0.000
321,78.886,430.434,81.768,692.806,0.000
322,79.109,405.647,81.465,666.922,0.000
323,79.167,323.370,82.048,582.102,0.000
324,79.184,364.751,82.232,624.521,0.000
325,79.291,681.889,82.150,945.007,0.000
326,79.443,844.674,82.675,1109.189,0.000
327,79.521,746.858,81.916,1009.334,0.000
328,79.558,732.277,82.220,994.739,0.000
329,79.640,737.958,82.726,1001.118,0.000
330,79.769,148.161,83.025,411.098,0.000
331,79.830,960.457,83.058,1225.915,0.000
332,79.885,948.003,82.952,1213.129,0.000
333,79.888,33.701,82.442,297.027,0.000
334,79.963,673.826,82.786,936.622,0.000
335,79.973,705.116,82.607,967.097,0.000
336,80.186,589.485,83.352,850.288,0.000
337,80.240,561.780,82.960,822.667,0.000
338,80.660,706.921,82.607,967.097,0.000
339,80.668,639.682,83.879,902.299,0.000
340,80.670,461.031,83.641,720.884,0.000
341,80.677,908.426,83.826,1174.283,0.000
342,80.982,833.498,83.605,1096.045,0.000
343,80.984,980.069,84.154,1244.787,0.000
344,81.482,231.704,83.555,492.008,0.000
345,81.893,17.694,85.123,281.271,0.000
346,82.164,173.169,85.263,435.853,0.000
347,9.855,1342.157,5.620,1603.380,0.000
348,10.321,1288.099,5.600,1550.790,0.000
349,10.421,1727.870,5.515,1987.064,0.000
350,10.824,1351.853,6.074,1612.808,0.000
351,10.824,1351.853,6.074,1612.808,0.000
352,10.916,1414.712,6.852,1675.420,0.000
353,10.949,1382.098,6.061,1642.329,0.000
354,11.182,1056.637,7.059,1318.419,0.000
355,11.315,1290.746,6.787,1553.570,0.000
356,13.475,1113.983,8.927,1375.582,0.000
357,14.870,1047.249,10.354,1309.000,0.000
358,14.917,1183.349,10.595,1445.276,0.000
359,15.052,1631.562,10.708,1892.716,0.000
360,15.138,1307.669,10.673,1570.068,0.000
361,15.138,1307.669,10.850,1570.146,0.000
362,15.256,1335.570,10.860,1597.114,0.000
363,15.618,1148.837,11.471,1409.629,0.000
364,15.696,1111.676,11.492,1373.124,0.000
365,16.045,1751.724,11.696,2010.426,0.000
366,16.046,975.038,11.705,1238.736,0.000
367,16.181,1368.026,11.752,1628.285,0.000
368,16.330,1192.165,12.044,1452.873,0.000
369,16.682,1299.475,12.320,1561.956,0.000
370,16.735,1283.459,12.349,1545.476,0.000
371,17.001,1354.105,12.854,1614.726,0.000
372,17.118,1579.834,13.000,1843.456,0.000
373,17.375,1251.307,13.205,1512.138,0.000
374,17.753,1097.523,13.576,1359.542,0.000
375,17.927,1622.226,14.112,1884.369,0.000
376,18.304,1575.460,14.144,1838.927,0.000
377,18.422,1145.948,14.050,1405.699,1.165
378,18.798,1571.717,14.812,1835.716,0.750
379,18.990,1413.077,15.198,1672.602,0.680
380,19.134,1420.104,15.119,1681.016,0.099
381,19.134,1420.104,15.119,1681.016,0.099
382,19.435,1465.450,15.279,1728.087,0.720
383,19.686,1045.812,16.396,1308.006,0.730
384,19.745,1111.479,16.370,1371.737,1.093
385,19.745,1111.479,16.370,1371.737,1.093
386,19.931,1346.479,16.272,1606.923,0.282
387,20.144,863.659,17.161,1128.782,1.882
388,20.623,961.043,17.068,1225.438,0.186
389,20.679,839.782,17.133,1100.847,0.814
390,20.679,839.782,17.133,1100.847,0.814
391,21.178,1579.477,17.391,1842.948,0.189
392,21.251,1322.684,16.914,1584.746,0.640
393,21.328,870.876,17.597,1136.172,0.800
394,21.500,1007.727,18.423,1269.841,0.745
395,21.642,1280.467,18.247,1542.095,0.313
396,21.698,1263.037,18.354,1524.676,0.713
397,21.760,829.489,19.016,1089.419,0.592
398,21.917,1080.894,18.452,1342.624,0.309
399,22.065,1145.278,18.990,1405.584,0.628
400,22.615,1575.882,19.410,1839.591,0.295
401,22.957,1246.867,18.839,1507.942,0.804
402,23.129,1562.406,18.843,1825.102,0.775
403,23.366,1357.191,19.416,1617.910,0.738
404,23.382,1115.978,19.659,1376.893,0.152
405,23.673,1076.999,19.940,1338.439,0.613
406,23.751,1337.957,20.358,1598.100,0.615
407,24.128,1303.893,20.583,1566.136,0.195
408,24.219,884.435,20.477,1149.094,0.088
409,24.219,884.435,20.477,1149.094,0.088
410,24.479,1401.644,19.953,1660.655,0.793
411,24.908,868.947,21.713,1134.050,0.649
412,25.141,1388.796,21.931,1649.135,0.428
413,25.292,1715.491,21.600,1974.511,1.068
414,25.454,1032.835,22.134,1296.193,0.211
415,25.742,1484.674,22.358,1748.684,0.254
416,25.822,1753.963,22.560,2012.392,0.143
417,26.609,1284.748,24.137,1547.328,1.373
418,26.633,1164.567,23.558,1425.904,0.096
419,27.016,883.403,24.019,1148.174,0.115
420,27.016,883.403,24.019,1148.174,0.115
421,27.249,848.218,24.024,1110.315,0.468
422,28.000,1241.884,24.914,1503.033,0.057
423,28.719,1299.255,26.161,1560.917,0.150
424,28.729,1732.188,25.895,1991.644,0.296
425,28.932,1260.808,25.857,1522.118,0.281
426,29.026,987.714,26.486,1252.293,1.231
427,29.078,1608.447,26.573,1871.996,0.782
428,29.231,1143.331,26.409,1402.526,0.984
429,29.973,1413.250,27.407,1672.820,0.185
430,30.645,1337.921,28.281,1598.785,0.855
431,30.909,1082.372,28.533,1342.859,0.823
432,31.015,1747.505,28.603,2006.809,0.726
433,31.270,1292.694,28.881,1555.352,1.008
434,31.270,1292.694,28.881,1555.352,1.008
435,31.460,1055.129,28.280,1317.530,0.687
436,31.477,1376.040,28.456,1637.083,0.868
437,32.004,1099.346,30.128,1360.415,0.987
438,32.029,1658.898,30.037,1921.094,1.026
439,32.348,1421.857,29.837,1681.584,0.382
440,32.448,1120.532,29.818,1381.382,0.279
441,32.448,1120.532,29.818,1381.382,0.279
442,32.949,1131.813,30.812,1391.845,0.700
443,33.108,1265.810,31.318,1527.586,0.822
444,33.634,1288.795,32.016,1551.067,0.678
445,33.928,1569.822,31.342,1834.059,0.378
446,34.081,1752.647,31.897,2012.381,0.961
447,34.111,1726.315,31.818,1984.837,0.830
448,34.229,1388.264,31.825,1648.255,0.491
449,34.708,1746.842,33.253,2005.669,0.853
450,35.027,1059.924,32.812,1322.165,0.157
451,35.315,1301.378,33.051,1562.811,0.076
452,35.315,1301.378,33.051,1562.811,0.076
453,35.343,1340.273,33.264,1600.655,0.518
454,35.585,1722.453,33.741,1981.644,0.195
455,35.882,1105.619,33.822,1366.526,0.056
456,36.474,1733.368,34.437,1992.499,0.120
457,37.004,1453.920,35.003,1713.854,0.718
458,37.010,1273.615,34.841,1536.435,0.965
459,37.033,1030.597,35.118,1293.711,0.076
460,37.152,1382.324,35.106,1642.710,0.109
461,37.279,857.255,35.511,1121.058,0.678
462,37.377,1048.952,35.292,1311.811,0.773
463,37.377,1048.952,35.292,1311.811,0.773
464,37.567,1411.130,35.757,1670.548,1.087
465,39.058,1073.104,37.316,1334.205,0.940
466,39.285,1235.669,36.790,1497.220,0.963
467,39.285,1235.669,36.790,1497.220,0.963
468,39.885,1240.942,38.240,1502.587,0.091
469,40.001,903.628,38.523,1168.553,0.078
470,40.304,835.444,38.079,1096.789,1.526
471,40.759,1334.686,39.826,1596.038,1.114
472,40.894,1247.621,40.126,1509.988,0.682
473,41.416,1087.649,39.788,1349.204,0.786
474,41.618,1109.958,41.239,1370.549,1.021
475,42.136,1727.512,40.582,1988.059,0.802
476,42.591,1330.759,41.953,1591.895,1.121
477,42.630,1405.505,42.521,1667.237,1.432
478,42.630,1405.505,42.521,1667.237,1.432
479,43.047,856.429,41.418,1121.106,0.263
480,43.154,1300.014,42.108,1560.732,0.995
481,43.412,1495.591,41.663,1761.003,0.931
482,43.499,1323.088,41.666,1583.866,0.941
483,43.629,834.711,43.144,1097.745,1.191
484,43.759,1344.139,43.443,1605.510,0.630
485,43.812,913.290,42.539,1179.242,0.756
486,44.312,974.191,42.289,1238.577,0.632
487,44.752,1140.407,43.365,1400.651,0.308
488,44.783,1155.886,43.739,1416.843,0.856
489,45.293,1262.963,44.429,1525.254,0.066
490,46.320,1732.102,45.290,1992.079,0.072
491,46.500,1033.017,44.506,1295.769,1.163
492,46.617,1656.544,45.306,1919.740,0.225
493,46.839,1087.711,46.284,1348.565,0.736
494,46.941,1288.822,46.666,1550.894,0.502
495,47.913,1410.668,47.493,1671.890,0.134
496,48.009,1137.994,47.336,1397.851,0.756
497,48.031,1491.295,47.173,1754.862,0.983
498,48.071,1355.031,47.544,1616.760,0.609
499,48.071,1355.031,47.544,1616.760,0.609
500,48.160,1448.956,47.556,1709.359,0.506
501,49.113,1298.648,48.609,1559.754,0.197
502,49.591,1712.359,49.506,1971.543,1.024
503,49.725,1724.776,49.561,1984.632,0.165
504,49.853,1053.224,50.103,1313.723,0.867
505,49.936,1096.912,49.497,1358.004,0.708
506,50.483,1338.385,49.557,1599.463,1.220
507,50.791,941.778,51.150,1206.908,0.284
508,50.865,1134.700,51.542,1395.983,1.317
509,50.893,1373.682,50.490,1635.824,0.194
510,50.950,1016.275,50.724,1278.974,0.280
511,51.332,1324.833,50.697,1585.997,0.330
512,51.851,1587.190,51.934,1852.940,0.742
513,51.864,1160.202,50.590,1421.548,1.340
514,51.999,1090.457,51.548,1349.761,0.846
515,52.007,948.602,52.005,1213.771,0.281
516,52.131,987.979,52.011,1252.187,0.157
517,52.155,1184.964,51.154,1448.336,0.563
518,52.244,1151.050,52.078,1412.975,0.178
519,52.244,1151.050,52.078,1412.975,0.178
520,53.076,1742.882,53.153,2004.273,0.889
521,53.407,818.931,53.556,1078.700,0.255
522,54.311,862.948,54.099,1128.501,1.032
523,54.311,1087.756,54.405,1347.646,0.099
524,54.311,1087.756,54.405,1347.646,0.099
525,54.348,844.160,54.183,1108.461,0.278
526,54.430,1345.737,54.111,1607.602,0.993
527,54.472,1481.025,54.415,1742.638,0.943
528,54.472,1481.025,54.415,1742.638,0.943
529,54.480,1736.761,54.662,1997.553,0.281
530,55.092,1686.155,55.073,1948.948,0.031
531,55.094,1010.792,55.573,1273.639,0.214
532,55.094,1010.792,55.573,1273.639,0.214
533,55.454,1365.692,54.817,1628.207,1.008
534,55.524,1358.352,55.690,1620.135,0.113
535,55.709,1029.039,55.838,1290.344,0.253
536,56.275,1140.324,56.562,1400.712,0.918
537,56.615,815.374,57.998,1074.950,0.824
538,57.054,909.368,58.263,1175.062,1.268
539,57.059,1059.871,57.846,1320.023,0.810
540,57.639,1089.575,58.160,1350.132,0.209
541,57.961,875.796,58.815,1141.205,0.424
542,57.961,875.796,58.815,1141.205,0.424
543,57.992,1266.875,59.364,1530.402,1.340
544,58.658,1428.651,59.228,1690.778,0.241
545,58.868,1334.022,59.972,1597.226,0.875
546,58.920,1456.186,59.583,1718.336,0.247
547,59.037,1765.103,60.268,2025.976,0.814
548,59.084,1744.971,58.832,2005.933,0.796
549,60.393,1263.433,61.188,1525.681,0.175
550,60.417,1127.665,60.771,1388.804,0.380
551,61.049,1380.782,62.356,1643.633,0.210
552,61.108,1088.128,61.724,1348.400,0.185
553,61.111,970.026,62.276,1234.892,0.092
554,61.117,1135.570,61.771,1396.949,0.250
555,61.176,1169.127,61.691,1432.724,0.485
556,61.466,1267.995,62.181,1530.765,0.033
557,61.612,1757.910,63.338,2018.933,0.878
558,62.049,1500.004,63.118,1763.917,0.183
559,62.304,836.755,63.212,1099.962,0.130
560,62.304,836.755,63.212,1099.962,0.130
561,62.401,1034.641,62.987,1296.057,1.191
562,62.463,995.442,63.328,1258.823,0.986
563,62.668,1459.489,63.890,1721.798,0.431
564,62.863,954.213,64.082,1218.813,0.213
565,62.926,1465.736,63.939,1728.255,0.191
566,63.180,1359.170,64.055,1622.113,0.161
567,63.262,1187.256,64.210,1450.673,0.220
568,63.446,1752.462,64.131,2012.778,0.872
569,63.446,1752.462,64.131,2012.778,0.872
570,63.644,1191.829,64.867,1455.155,0.076
571,64.207,1463.971,65.003,1725.795,0.771
572,64.207,1463.971,65.003,1725.795,0.771
573,65.215,1374.919,66.353,1637.829,0.202
574,65.409,1677.893,65.574,1942.537,1.033
575,65.415,1767.013,66.587,2028.160,0.432
576,65.556,1504.191,66.716,1768.349,0.508
577,65.588,1347.259,67.082,1610.021,0.219
578,65.588,1347.259,67.082,1610.021,0.219
579,66.523,1279.532,68.026,1542.762,0.039
580,66.833,1273.943,67.947,1537.104,0.041
581,67.430,1351.798,68.390,1615.010,0.372
582,68.224,1469.465,68.840,1731.151,1.266
583,68.452,1121.464,69.979,1382.270,0.179
584,68.467,1745.874,69.810,2007.449,0.316
585,68.477,1094.446,69.594,1354.656,1.223
586,68.916,1753.062,71.285,2013.661,1.172
587,69.290,1486.687,71.028,1750.861,0.170
588,69.434,1155.443,70.997,1418.506,0.196
589,69.538,1308.004,72.425,1572.241,0.985
590,69.577,1749.931,72.131,2011.490,0.874
591,69.609,1180.543,72.400,1445.296,0.818
592,70.652,1481.706,73.413,1746.187,1.338
593,70.958,1354.883,72.773,1618.159,0.078
594,71.141,1273.355,72.884,1536.873,0.280
595,71.248,1742.075,73.143,2003.759,0.293
596,71.248,1742.075,73.143,2003.759,0.293
597,71.295,1284.435,72.658,1546.941,1.287
598,71.395,1664.254,73.273,1930.510,0.115
599,71.829,1221.910,74.453,1486.050,1.351
600,71.906,1428.511,73.840,1692.729,0.046
601,71.932,1264.286,74.062,1527.296,0.389
602,72.064,1472.906,73.953,1736.143,0.165
603,72.337,1464.978,74.533,1727.742,0.000
604,72.520,1280.271,74.708,1544.040,0.000
605,72.524,893.615,74.646,1159.088,0.000
606,72.537,1113.706,74.706,1374.584,0.000
607,72.577,1329.883,74.603,1593.093,0.000
608,72.577,1329.883,74.603,1593.093,0.000
609,72.655,994.659,74.941,1259.430,0.000
610,72.884,1218.461,75.148,1482.388,0.000
611,73.369,1369.447,75.756,1632.587,0.000
612,73.574,1223.172,75.964,1486.752,0.000
613,73.978,1144.146,76.116,1406.400,0.000
614,74.186,1767.952,76.510,2029.438,0.000
615,74.253,954.992,76.456,1220.285,0.000
616,74.602,1066.322,76.861,1326.670,0.000
617,74.615,949.878,76.876,1215.101,0.000
618,75.148,1230.483,77.474,1494.378,0.000
619,75.148,1230.483,77.474,1494.378,0.000
620,75.493,793.400,77.924,1053.226,0.000
621,75.877,1420.833,78.344,1685.402,0.000
622,76.406,1405.753,78.342,1669.854,0.000
623,76.726,841.731,79.371,1105.519,0.000
624,77.242,963.595,79.992,1228.809,0.000
625,78.038,1250.265,80.730,1514.477,0.000
626,78.787,984.473,81.743,1249.015,0.000
627,78.844,1371.794,80.662,1635.497,0.000
628,78.906,1605.551,81.496,1872.838,0.000
629,79.036,1429.954,81.164,1693.991,0.000
630,79.067,1274.609,81.714,1538.469,0.000
631,79.449,844.681,82.681,1109.191,0.000
632,79.500,784.574,82.268,1044.824,0.000
633,79.779,1395.369,82.669,1660.653,0.000
634,79.786,1030.059,82.673,1291.940,0.000
635,79.837,960.470,83.053,1225.911,0.000
636,79.884,948.007,82.951,1213.128,0.000
637,79.937,1343.821,82.896,1607.291,0.000
638,80.007,1265.213,82.076,1528.459,0.000
639,80.038,1390.299,81.866,1655.358,0.000
640,80.391,1237.997,83.267,1501.548,0.000
641,80.586,1142.668,83.794,1404.884,0.000
642,80.589,1381.819,82.380,1645.466,0.000
643,80.673,908.407,83.821,1174.276,0.000
644,80.981,833.501,83.609,1096.049,0.000
645,80.987,980.070,84.151,1244.786,0.000
646,81.059,1659.340,83.974,1926.879,0.000
647,81.236,1105.696,84.286,1367.940,0.000
648,81.241,1699.066,83.530,1962.949,0.000
649,81.241,1699.066,83.530,1962.949,0.000
650,81.254,1054.459,84.375,1315.253,0.000
651,81.715,1036.115,84.718,1297.685,0.000
652,81.715,1036.115,84.718,1297.685,0.000
653,82.327,1427.198,85.345,1691.821,0.000
654,82.684,1041.606,85.605,1302.902,0.000
655,82.706,1041.691,85.605,1302.902,0.000
656,83.428,1702.972,86.588,1967.100,0.000
657,9.890,1617.301,4.994,1878.988,0.000
658,10.422,1727.869,5.517,1987.065,0.000
659,10.756,1783.856,6.043,2042.894,0.000
660,15.048,1631.567,10.695,1892.728,0.000
661,16.052,1751.729,11.703,2010.427,0.000
662,16.156,1747.845,11.655,2006.691,0.000
663,17.125,1579.847,13.002,1843.466,0.000
664,18.278,1575.452,14.149,1838.935,0.000
665,18.793,1571.717,14.814,1835.720,0.750
666,21.173,1579.461,17.392,1842.941,0.189
667,21.963,1688.141,19.281,1950.810,0.853
668,22.617,1575.881,19.424,1839.596,0.295
669,23.121,1562.404,18.851,1825.108,0.775
670,25.293,1715.489,21.598,1974.509,1.068
671,25.773,1753.907,22.561,2012.391,0.143
672,28.738,1732.182,25.906,1991.626,0.296
673,29.079,1608.447,26.569,1871.995,0.782
674,31.019,1747.505,28.596,2006.812,0.726
675,33.914,1569.841,31.343,1834.051,0.378
676,34.086,1752.667,31.896,2012.376,0.961
677,34.112,1726.313,31.817,1984.833,0.830
678,34.704,1746.845,33.253,2005.666,0.853
679,35.580,1722.448,33.739,1981.637,0.195
680,36.472,1733.368,34.440,1992.498,0.120
681,36.805,1693.526,34.879,1954.576,0.056
682,42.131,1727.473,40.581,1987.075,0.200
683,46.311,1732.101,45.284,1992.084,0.072
684,49.643,1712.341,49.507,1971.547,1.024
685,49.779,1724.740,49.557,1984.640,0.165
686,49.779,1724.740,49.557,1984.640,0.165
687,53.078,1742.883,53.142,2004.280,0.889
688,55.074,1675.337,55.250,1938.922,0.189
689,55.094,1686.164,55.068,1948.940,0.031
690,59.046,1765.109,60.270,2025.976,0.814
691,59.080,1744.981,58.838,2005.930,0.796
692,63.439,1752.456,64.130,2012.773,0.872
693,63.439,1752.456,64.130,2012.773,0.872
694,64.653,1671.063,65.936,1935.915,0.032
695,65.408,1677.894,65.572,1942.538,1.033
696,65.513,1766.981,67.634,2028.161,0.637
697,65.513,1766.981,67.634,2028.161,0.637
698,68.360,1690.203,69.272,1953.371,1.168
699,68.450,1745.874,69.810,2007.448,0.316
700,68.919,1753.061,71.279,2013.658,1.172
701,69.566,1749.922,72.141,2011.496,0.874
702,71.250,1742.078,73.146,2003.760,0.293
703,71.250,1742.078,73.146,2003.760,0.293
704,71.404,1664.264,73.268,1930.506,0.115
705,74.194,1767.958,76.509,2029.436,0.000
706,78.908,1605.540,81.496,1872.847,0.000
707,81.050,1659.360,83.969,1926.882,0.000
708,81.244,1699.062,83.546,1962.961,0.000
709,83.424,1702.942,86.588,1967.108,0.000
